info,model,family,RMSE_bps,MAE_bps,R2_vs_mean,DirAcc,PT_p,Corr,params
Combined,ET,classical,120.5946,86.2809,0.0351,0.5527,0.0051,0.1862,"{'n_estimators': 200, 'max_depth': 6}"
Combined,RF,classical,122.7618,87.5903,0.0001,0.5595,0.0019,0.1577,"{'n_estimators': 200, 'max_depth': 6}"
Combined,GBR,classical,123.3979,88.2842,-0.0103,0.5705,0.0002,0.1822,"{'n_estimators': 200, 'learning_rate': 0.05, 'max_depth': 3}"
Combined,XGB,classical,123.7161,88.4511,-0.0155,0.5718,0.0002,0.1683,"{'n_estimators': 300, 'learning_rate': 0.05, 'max_depth': 3, 'subsample': 0.9}"
Combined,LSTM,deep,127.6421,93.3801,-0.081,0.4802,0.4775,-0.0292,"{'lookback': 20, 'epochs': 8, 'units': 32, 'dropout': 0.2, 'lr': 0.001, 'batch': 64, 'max_epochs': 8, 'patience': 12, 'val_frac': 0.15}"
Combined,Ridge,classical,132.5248,97.4467,-0.1653,0.5226,0.2154,0.0022,{'alpha': 10.0}
Combined,GRU,deep,132.8489,96.1931,-0.171,0.4979,0.9166,-0.0651,"{'lookback': 20, 'epochs': 8, 'units': 32, 'dropout': 0.2, 'lr': 0.001, 'batch': 64, 'max_epochs': 8, 'patience': 12, 'val_frac': 0.15}"
Combined,OLS,classical,133.1438,97.9499,-0.1762,0.5157,0.3782,0.0059,defaults
Foreign-only,ET,classical,122.6752,87.4977,0.0015,0.4774,0.2815,0.0385,"{'n_estimators': 200, 'max_depth': 6}"
Foreign-only,RF,classical,122.7233,87.189,0.0007,0.4856,0.8462,0.0379,"{'n_estimators': 200, 'max_depth': 6}"
Foreign-only,GBR,classical,124.3779,89.0283,-0.0264,0.5253,0.1371,0.0691,"{'n_estimators': 200, 'learning_rate': 0.05, 'max_depth': 3}"
Foreign-only,XGB,classical,126.0445,90.5342,-0.0541,0.5116,0.6238,0.0082,"{'n_estimators': 300, 'learning_rate': 0.05, 'max_depth': 3, 'subsample': 0.9}"
Foreign-only,LSTM,deep,128.4783,94.044,-0.0952,0.4774,0.5033,-0.0353,"{'lookback': 20, 'epochs': 8, 'units': 32, 'dropout': 0.2, 'lr': 0.001, 'batch': 64, 'max_epochs': 8, 'patience': 12, 'val_frac': 0.15}"
Foreign-only,Ridge,classical,129.5189,95.0518,-0.113,0.4706,0.1526,-0.0405,{'alpha': 10.0}
Foreign-only,OLS,classical,129.7335,95.2617,-0.1167,0.4665,0.1005,-0.0397,defaults
Foreign-only,GRU,deep,134.1775,97.9921,-0.1946,0.4966,0.979,-0.0669,"{'lookback': 20, 'epochs': 8, 'units': 32, 'dropout': 0.2, 'lr': 0.001, 'batch': 64, 'max_epochs': 8, 'patience': 12, 'val_frac': 0.15}"
GlobalPCA-only,ET,classical,122.9681,87.9262,-0.0033,0.4747,0.8058,0.0071,"{'n_estimators': 200, 'max_depth': 6}"
GlobalPCA-only,RF,classical,123.2297,88.1429,-0.0076,0.4856,0.8912,0.0216,"{'n_estimators': 200, 'max_depth': 6}"
GlobalPCA-only,GRU,deep,123.8352,88.3368,-0.0175,0.513,0.1536,0.0197,"{'lookback': 20, 'epochs': 8, 'units': 32, 'dropout': 0.2, 'lr': 0.001, 'batch': 64, 'max_epochs': 8, 'patience': 12, 'val_frac': 0.15}"
GlobalPCA-only,Ridge,classical,124.0185,88.2886,-0.0205,0.4843,0.7582,-0.0466,{'alpha': 10.0}
GlobalPCA-only,OLS,classical,124.0265,88.2948,-0.0206,0.4843,0.7582,-0.0466,defaults
GlobalPCA-only,LSTM,deep,124.4759,89.4783,-0.0281,0.4884,0.8214,-0.0217,"{'lookback': 20, 'epochs': 8, 'units': 32, 'dropout': 0.2, 'lr': 0.001, 'batch': 64, 'max_epochs': 8, 'patience': 12, 'val_frac': 0.15}"
GlobalPCA-only,GBR,classical,125.0866,90.4283,-0.0382,0.5253,0.1251,0.0187,"{'n_estimators': 200, 'learning_rate': 0.05, 'max_depth': 3}"
GlobalPCA-only,XGB,classical,126.5038,91.1041,-0.0618,0.5185,0.2551,0.0086,"{'n_estimators': 300, 'learning_rate': 0.05, 'max_depth': 3, 'subsample': 0.9}"
NEPSE+PCA,ET,classical,120.7865,86.8905,0.032,0.5622,0.0009,0.177,"{'n_estimators': 200, 'max_depth': 6}"
NEPSE+PCA,GBR,classical,122.6611,87.461,0.0017,0.5923,0.0,0.1948,"{'n_estimators': 200, 'learning_rate': 0.05, 'max_depth': 3}"
NEPSE+PCA,RF,classical,123.0096,88.0042,-0.004,0.5759,0.0001,0.1506,"{'n_estimators': 200, 'max_depth': 6}"
NEPSE+PCA,LSTM,deep,125.7759,89.3368,-0.0496,0.4925,0.9221,-0.054,"{'lookback': 20, 'epochs': 8, 'units': 32, 'dropout': 0.2, 'lr': 0.001, 'batch': 64, 'max_epochs': 8, 'patience': 12, 'val_frac': 0.15}"
NEPSE+PCA,Ridge,classical,125.871,89.5933,-0.0512,0.554,0.0063,0.0287,{'alpha': 10.0}
NEPSE+PCA,OLS,classical,126.0018,89.8017,-0.0534,0.5554,0.0051,0.0338,defaults
NEPSE+PCA,XGB,classical,126.2618,89.1029,-0.0578,0.5869,0.0,0.1428,"{'n_estimators': 300, 'learning_rate': 0.05, 'max_depth': 3, 'subsample': 0.9}"
NEPSE+PCA,GRU,deep,126.7234,90.241,-0.0655,0.4938,0.701,-0.0447,"{'lookback': 20, 'epochs': 8, 'units': 32, 'dropout': 0.2, 'lr': 0.001, 'batch': 64, 'max_epochs': 8, 'patience': 12, 'val_frac': 0.15}"
NEPSE+PLS,ET,classical,120.7778,86.9273,0.0321,0.5595,0.0015,0.1775,"{'n_estimators': 200, 'max_depth': 6}"
NEPSE+PLS,RF,classical,123.4398,88.4367,-0.011,0.5705,0.0002,0.1417,"{'n_estimators': 200, 'max_depth': 6}"
NEPSE+PLS,GRU,deep,126.1065,91.994,-0.0552,0.4925,0.8261,0.0133,"{'lookback': 20, 'epochs': 8, 'units': 32, 'dropout': 0.2, 'lr': 0.001, 'batch': 64, 'max_epochs': 8, 'patience': 12, 'val_frac': 0.15}"
NEPSE+PLS,LSTM,deep,126.4772,91.6356,-0.0614,0.4788,0.208,-0.0391,"{'lookback': 20, 'epochs': 8, 'units': 32, 'dropout': 0.2, 'lr': 0.001, 'batch': 64, 'max_epochs': 8, 'patience': 12, 'val_frac': 0.15}"
NEPSE+PLS,GBR,classical,126.6012,90.5525,-0.0635,0.5677,0.0005,0.1472,"{'n_estimators': 200, 'learning_rate': 0.05, 'max_depth': 3}"
NEPSE+PLS,XGB,classical,129.8669,93.2048,-0.119,0.5417,0.0428,0.111,"{'n_estimators': 300, 'learning_rate': 0.05, 'max_depth': 3, 'subsample': 0.9}"
NEPSE+PLS,Ridge,classical,131.1012,95.9199,-0.1404,0.5404,0.0381,-0.0045,{'alpha': 10.0}
NEPSE+PLS,OLS,classical,131.2999,96.1147,-0.1439,0.539,0.0435,-0.0003,defaults
NEPSE-only,ET,classical,121.0228,86.8841,0.0282,0.5568,0.0025,0.1672,"{'n_estimators': 200, 'max_depth': 6}"
NEPSE-only,GRU,deep,122.3666,87.2398,0.0065,0.5486,0.0023,0.0985,"{'lookback': 20, 'epochs': 8, 'units': 32, 'dropout': 0.2, 'lr': 0.001, 'batch': 64, 'max_epochs': 8, 'patience': 12, 'val_frac': 0.15}"
NEPSE-only,LSTM,deep,122.6061,89.2007,0.0026,0.5062,0.1555,0.1265,"{'lookback': 20, 'epochs': 8, 'units': 32, 'dropout': 0.2, 'lr': 0.001, 'batch': 64, 'max_epochs': 8, 'patience': 12, 'val_frac': 0.15}"
NEPSE-only,GBR,classical,122.943,87.2008,-0.0029,0.5937,0.0,0.1988,"{'n_estimators': 200, 'learning_rate': 0.05, 'max_depth': 3}"
NEPSE-only,RF,classical,123.882,88.3676,-0.0183,0.5746,0.0001,0.139,"{'n_estimators': 200, 'max_depth': 6}"
NEPSE-only,Ridge,classical,124.5005,88.5713,-0.0285,0.5458,0.0185,0.0526,{'alpha': 10.0}
NEPSE-only,OLS,classical,124.5998,88.7324,-0.0301,0.5472,0.0159,0.057,defaults
NEPSE-only,XGB,classical,126.0636,89.1535,-0.0545,0.6033,0.0,0.1632,"{'n_estimators': 300, 'learning_rate': 0.05, 'max_depth': 3, 'subsample': 0.9}"
