market,last_obs,test_coverage,retained
Australia,2026-08-05,0.798,yes
Brazil,2026-08-03,0.786,yes
Canada,2026-08-04,0.787,yes
China,2026-08-05,0.756,yes
France,2026-08-03,0.809,yes
Germany,2026-08-03,0.803,yes
Greece,2026-07-17,0.764,yes
HongKong,2026-08-05,0.782,yes
India,2026-08-03,0.791,yes
Indonesia,2026-08-05,0.764,yes
Italy,2026-08-03,0.801,yes
Japan,2026-08-05,0.759,yes
Malaysia,2026-08-05,0.783,yes
Mexico,2026-08-04,0.794,yes
Netherlands,2026-08-03,0.809,yes
SaudiArabia,2026-07-16,0.914,yes
Singapore,2026-08-05,0.805,yes
SouthAfrica,2026-08-03,0.793,yes
SouthKorea,2026-08-05,0.771,yes
Spain,2026-08-03,0.809,yes
Sweden,2026-08-03,0.793,yes
Switzerland,2026-08-03,0.79,yes
Taiwan,2026-08-05,0.779,yes
Thailand,2026-07-17,0.746,yes
Turkey,2026-08-03,0.791,yes
UK,2026-08-03,0.797,yes
USA,2026-08-04,0.788,yes
Croatia,2019-10-11,0.0,no
Nepal,2026-08-04,1.0,no
Pakistan,2021-09-30,0.0,no
Philippines,2016-09-15,0.0,no
Poland,2026-08-04,0.001,no
Romania,2021-10-01,0.0,no
SriLanka,2021-09-30,0.0,no
