,-5,-4,-3,-2,-1,0,1,2,3,4,5
Australia,0.076,-0.0021,-0.0349,0.0294,-0.0219,-0.0186,0.0015,0.0146,0.0166,0.0229,0.0246
Brazil,0.0577,0.0013,0.0466,0.0345,-0.0096,-0.0089,0.0462,-0.0738,-0.011,-0.0164,0.0208
Canada,0.0427,0.0364,0.0278,0.0153,-0.0323,0.0198,0.0385,0.0037,0.0079,0.0176,0.0294
China,-0.0029,-0.0783,-0.0692,-0.0108,0.0188,-0.0497,0.041,0.0051,0.0588,-0.0226,-0.0215
France,0.056,0.0586,-0.0349,-0.0062,-0.0019,0.0065,0.0056,-0.0019,0.0295,0.0106,0.0149
Germany,0.0581,0.0564,-0.034,-0.0093,-0.0099,0.0102,-0.0135,-0.0124,0.0426,0.0242,0.0293
Greece,0.0646,0.0208,-0.0484,0.0052,-0.0152,-0.0138,0.0168,0.0255,0.0098,0.0171,0.0162
HongKong,0.0335,-0.0023,-0.0452,0.0093,-0.0017,0.0105,-0.0084,0.0061,0.0355,0.0285,0.0174
India,0.0076,0.0386,-0.0313,0.0361,-0.0203,0.0248,-0.006,0.0287,0.0272,0.0182,0.0125
Indonesia,0.025,0.0365,-0.0144,0.0299,-0.0021,-0.006,-0.0154,0.003,-0.0005,-0.0155,0.0113
Italy,0.0657,0.044,-0.0253,-0.0059,-0.0013,0.0143,-0.0038,-0.0096,0.0094,0.0191,0.0142
Japan,0.0417,0.021,-0.0159,-0.0017,-0.0067,-0.0175,0.0372,0.0015,0.0114,0.0087,-0.0069
Malaysia,0.0373,-0.0107,-0.0419,-0.0155,0.0138,-0.0359,0.0032,0.0485,0.0409,0.0028,-0.011
Mexico,0.0602,0.0028,0.0268,-0.0061,-0.0205,-0.0106,0.0226,-0.0205,0.0308,-0.0198,0.0286
Netherlands,0.0544,0.0603,-0.0461,-0.0127,-0.014,0.0077,-0.0222,0.0042,0.043,0.0223,0.0205
SaudiArabia,0.0194,-0.0195,0.0578,-0.0188,-0.0026,-0.0302,0.0578,-0.0526,0.0051,0.0454,0.0265
Singapore,-0.0037,0.0368,-0.0002,-0.0018,-0.0016,0.0297,-0.0068,0.0335,0.045,0.0218,-0.0113
SouthAfrica,0.0361,0.0012,-0.0058,-0.0272,-0.0076,0.0158,0.0006,0.0127,0.0278,0.0508,0.0433
SouthKorea,0.0233,0.011,-0.0441,0.0055,0.0084,-0.0319,0.0168,0.0152,0.0415,0.0059,-0.0269
Spain,0.0865,0.0288,-0.0338,0.0017,-0.0019,0.0039,0.0094,-0.0245,-0.0037,0.0383,0.0197
Sweden,0.0626,0.0573,-0.0252,-0.0206,-0.0059,0.0158,-0.02,-0.003,0.0319,0.0186,0.0225
Switzerland,0.0642,0.0525,-0.0458,-0.0225,-0.0196,0.0036,-0.009,-0.01,0.0266,0.0246,0.0405
Taiwan,0.0089,0.0157,-0.0339,-0.0032,-0.0013,-0.0102,0.0081,0.0206,0.0124,0.0036,0.025
Thailand,-0.0134,0.0241,-0.0539,0.0091,-0.0369,0.054,-0.0019,0.0133,0.0169,0.0291,0.0163
Turkey,0.005,0.0296,-0.0628,-0.0085,-0.018,-0.0069,-0.0059,0.0054,0.0347,-0.0337,0.0007
UK,0.0387,0.0403,-0.0079,-0.0035,-0.018,0.0056,-0.0044,-0.0061,0.0161,0.0228,0.0308
USA,0.0258,-0.0024,0.0228,-0.0008,-0.0239,-0.0352,0.0333,-0.0079,0.0296,0.0019,0.0292
