info,model,family,RMSE_bps,MAE_bps,R2_vs_mean,DirAcc,PT_p,Corr,params
NEPSE-only,LSTM,deep,122.60611169040203,89.20066989958286,0.0025960718924122883,0.506155950752394,0.15550005216036022,0.12646927846809633,"{'lookback': 20, 'epochs': 8, 'units': 32, 'dropout': 0.2, 'lr': 0.001, 'batch': 64, 'max_epochs': 8, 'patience': 12, 'val_frac': 0.15}"
NEPSE-only,GRU,deep,122.36661277711391,87.23977953195572,0.006488880211782733,0.5485636114911081,0.0023200660396263117,0.0984884218070179,"{'lookback': 20, 'epochs': 8, 'units': 32, 'dropout': 0.2, 'lr': 0.001, 'batch': 64, 'max_epochs': 8, 'patience': 12, 'val_frac': 0.15}"
NEPSE+PCA,LSTM,deep,125.77592395246029,89.33675475418568,-0.049643558718351244,0.49247606019151846,0.9220501207579714,-0.053969644592138065,"{'lookback': 20, 'epochs': 8, 'units': 32, 'dropout': 0.2, 'lr': 0.001, 'batch': 64, 'max_epochs': 8, 'patience': 12, 'val_frac': 0.15}"
NEPSE+PCA,GRU,deep,126.72343291342258,90.2409665286541,-0.06551782821839058,0.493844049247606,0.7009529900148237,-0.04466208888221365,"{'lookback': 20, 'epochs': 8, 'units': 32, 'dropout': 0.2, 'lr': 0.001, 'batch': 64, 'max_epochs': 8, 'patience': 12, 'val_frac': 0.15}"
NEPSE+PLS,LSTM,deep,126.47724710404873,91.6355662047863,-0.061381901126403404,0.478796169630643,0.2080125653466416,-0.039061696850002894,"{'lookback': 20, 'epochs': 8, 'units': 32, 'dropout': 0.2, 'lr': 0.001, 'batch': 64, 'max_epochs': 8, 'patience': 12, 'val_frac': 0.15}"
NEPSE+PLS,GRU,deep,126.10654346644878,91.99402295053005,-0.05516921898899585,0.49247606019151846,0.8261402379818674,0.013263296190351595,"{'lookback': 20, 'epochs': 8, 'units': 32, 'dropout': 0.2, 'lr': 0.001, 'batch': 64, 'max_epochs': 8, 'patience': 12, 'val_frac': 0.15}"
GlobalPCA-only,LSTM,deep,124.47585351765156,89.47833441197872,-0.02805684339830239,0.4883720930232558,0.8213803463352953,-0.021740629877179906,"{'lookback': 20, 'epochs': 8, 'units': 32, 'dropout': 0.2, 'lr': 0.001, 'batch': 64, 'max_epochs': 8, 'patience': 12, 'val_frac': 0.15}"
GlobalPCA-only,GRU,deep,123.83517809212208,88.3367657661438,-0.017501092917022953,0.5129958960328317,0.1536024785403196,0.01967499504390705,"{'lookback': 20, 'epochs': 8, 'units': 32, 'dropout': 0.2, 'lr': 0.001, 'batch': 64, 'max_epochs': 8, 'patience': 12, 'val_frac': 0.15}"
Foreign-only,LSTM,deep,128.47828678786755,94.04396638274193,-0.095232487639485,0.4774281805745554,0.5033050845498299,-0.03532693337753449,"{'lookback': 20, 'epochs': 8, 'units': 32, 'dropout': 0.2, 'lr': 0.001, 'batch': 64, 'max_epochs': 8, 'patience': 12, 'val_frac': 0.15}"
Foreign-only,GRU,deep,134.1775432229042,97.99212217330933,-0.19455594020857103,0.49658002735978113,0.9790159184541902,-0.06693568685208325,"{'lookback': 20, 'epochs': 8, 'units': 32, 'dropout': 0.2, 'lr': 0.001, 'batch': 64, 'max_epochs': 8, 'patience': 12, 'val_frac': 0.15}"
Combined,LSTM,deep,127.64206156134605,93.38013827800751,-0.08102184033871462,0.4801641586867305,0.4775108551003733,-0.029215748525799237,"{'lookback': 20, 'epochs': 8, 'units': 32, 'dropout': 0.2, 'lr': 0.001, 'batch': 64, 'max_epochs': 8, 'patience': 12, 'val_frac': 0.15}"
Combined,GRU,deep,132.84888118505478,96.1930863559246,-0.1710155508350799,0.49794801641586867,0.9166252362484744,-0.0650963308992414,"{'lookback': 20, 'epochs': 8, 'units': 32, 'dropout': 0.2, 'lr': 0.001, 'batch': 64, 'max_epochs': 8, 'patience': 12, 'val_frac': 0.15}"
